date,home_team,away_team,city,country,home_score,away_score,result,total_goals,altitude_m,home_travel_km,away_travel_km,travel_diff_km,home_tz_shift,away_tz_shift,temp_avg,humidity,precip_mm,wind_kmh,home_elo,away_elo,elo_diff,home_form,away_form,home_gf,home_ga,away_gf,away_ga,home_rest_days,away_rest_days,rest_diff_days
2010-06-11,South Africa,Mexico,Johannesburg,South Africa,1.0,1.0,0,2.0,1734.0,53.7,14592.8,14539.099999999999,0.0,8.0,10.6,53.5,0.0,23.0,1657.1,1797.2,-140.1,0.8,0.7,2.0,0.4,1.4,0.8,6,8,-2
2010-06-11,Uruguay,France,Cape Town,South Africa,0.0,0.0,0,0.0,25.0,6684.2,9307.1,2622.9000000000005,5.0,0.0,11.5,78.0,0.0,8.9,1792.5,1809.3,-16.8,0.6,0.6,1.6,1.0,1.5,0.9,16,7,9
2010-06-12,South Korea,Greece,Port Elizabeth,South Africa,2.0,0.0,1,2.0,58.0,13116.8,7967.5,-5149.299999999999,7.0,1.0,14.8,62.2,0.0,14.3,1781.1,1686.4,94.8,0.7,0.45,1.7,0.6,1.1,1.4,9,10,-1
2010-06-12,Argentina,Nigeria,Johannesburg,South Africa,1.0,0.0,1,1.0,1734.0,8103.3,4497.5,-3605.8,5.0,1.0,9.5,56.6,0.0,12.3,1881.9,1747.9,134.0,0.8,0.65,2.3,1.0,1.5,0.8,19,6,13
2010-06-12,England,United States,Rustenburg,South Africa,1.0,1.0,0,2.0,1159.0,8958.8,12940.9,3982.1000000000004,1.0,6.0,13.9,54.9,0.0,10.7,1909.0,1764.9,144.1,0.75,0.45,2.6,0.9,1.7,2.0,13,7,6
2010-06-13,Germany,Australia,Durban,South Africa,4.0,0.0,1,4.0,9.0,9285.7,10321.6,1035.8999999999996,0.0,8.0,19.5,81.5,0.0,11.4,1858.4,1780.5,77.9,0.8,0.7,2.1,0.5,1.4,1.0,10,8,2
2010-06-13,Serbia,Ghana,Pretoria,South Africa,0.0,1.0,-1,1.0,1325.0,7849.5,4629.4,-3220.1000000000004,0.0,2.0,15.4,50.8,0.0,22.7,1777.0,1673.6,103.4,0.7,0.5,1.9,0.7,0.7,1.0,8,8,0
2010-06-13,Algeria,Slovenia,Polokwane,South Africa,0.0,1.0,-1,1.0,1288.0,7263.8,7893.5,629.6999999999998,1.0,0.0,14.5,47.9,0.0,17.3,1617.0,1629.8,-12.8,0.45,0.7,0.6,1.6,2.3,0.7,8,9,-1
2010-06-14,Netherlands,Denmark,Johannesburg,South Africa,2.0,0.0,1,2.0,1734.0,8991.2,9190.8,199.59999999999854,0.0,0.0,9.5,37.8,0.0,24.8,1921.9,1723.5,198.4,0.8,0.45,2.0,0.6,0.9,0.8,9,9,0
2010-06-14,Italy,Paraguay,Cape Town,South Africa,1.0,1.0,0,2.0,25.0,8418.4,7260.5,-1157.8999999999996,0.0,5.0,10.4,72.1,25.4,33.5,1837.3,1734.2,103.0,0.65,0.45,1.2,0.7,1.0,1.2,9,12,-3
2010-06-14,Japan,Cameroon,Bloemfontein,South Africa,1.0,0.0,1,1.0,1389.0,13838.2,3972.2,-9866.0,7.0,1.0,7.8,40.1,0.0,23.1,1698.8,1704.6,-5.7,0.4,0.4,1.0,1.4,1.4,1.7,10,9,1
2010-06-15,Brazil,North Korea,Johannesburg,South Africa,2.0,1.0,1,3.0,1734.0,7881.0,12426.6,4545.6,5.0,7.0,5.2,33.5,0.0,30.1,1995.3,1578.7,416.6,0.85,0.4,2.2,0.6,1.6,1.2,8,9,-1
2010-06-15,Ivory Coast,Portugal,Port Elizabeth,South Africa,0.0,0.0,0,0.0,58.0,5353.3,8810.1,3456.8,2.0,1.0,10.4,69.9,4.7,27.2,1759.5,1808.3,-48.8,0.65,0.9,1.7,1.0,1.9,0.2,11,7,4
2010-06-15,New Zealand,Slovakia,Rustenburg,South Africa,1.0,1.0,0,2.0,1159.0,11874.5,8237.3,-3637.2000000000007,10.0,0.0,7.5,27.8,0.0,27.5,1602.2,1642.8,-40.6,0.4,0.55,0.7,1.5,1.2,0.9,11,10,1
2010-06-16,Honduras,Chile,Nelspruit,South Africa,0.0,1.0,-1,1.0,696.0,13484.2,9482.7,-4001.5,8.0,6.0,9.1,37.1,0.0,8.2,1681.7,1826.9,-145.2,0.4,0.85,1.1,1.5,1.6,0.4,11,17,-6
2010-06-16,South Africa,Uruguay,Pretoria,South Africa,0.0,3.0,-1,3.0,1325.0,4.2,7938.8,7934.6,0.0,5.0,6.6,19.2,0.0,17.6,1660.3,1790.5,-130.1,0.75,0.6,1.8,0.5,1.4,0.8,5,5,0
2010-06-16,Spain,Switzerland,Durban,South Africa,0.0,1.0,-1,1.0,9.0,8566.2,8829.8,263.59999999999854,0.0,0.0,15.6,41.6,0.0,19.9,2042.8,1680.5,362.3,1.0,0.5,3.4,0.7,1.1,0.8,8,11,-3
2010-06-17,Argentina,South Korea,Johannesburg,South Africa,4.0,1.0,1,5.0,1734.0,8103.3,12482.1,4378.8,5.0,7.0,3.2,25.2,0.0,13.6,1889.1,1789.7,99.4,0.8,0.7,2.2,1.0,1.7,0.6,5,5,0
2010-06-17,France,Mexico,Polokwane,South Africa,0.0,2.0,-1,2.0,1288.0,8498.1,14716.4,6218.299999999999,0.0,8.0,7.3,42.5,0.0,10.5,1811.4,1794.0,17.3,0.6,0.65,1.4,0.8,1.3,0.8,6,6,0
2010-06-17,Greece,Nigeria,Bloemfontein,South Africa,2.0,1.0,1,3.0,1389.0,7432.4,4683.9,-2748.5,1.0,1.0,4.6,43.4,0.0,14.7,1677.8,1740.7,-62.8,0.45,0.65,1.1,1.4,1.4,0.6,5,5,0
2010-06-18,Slovenia,United States,Johannesburg,South Africa,2.0,2.0,0,4.0,1734.0,8118.3,13041.3,4922.999999999999,0.0,6.0,4.8,28.5,0.0,12.1,1647.0,1772.9,-125.9,0.8,0.4,2.4,0.6,1.5,1.9,5,6,-1
2010-06-18,England,Algeria,Cape Town,South Africa,0.0,0.0,0,0.0,25.0,9636.7,7985.7,-1651.000000000001,1.0,1.0,11.4,44.6,0.0,20.5,1900.9,1599.7,301.2,0.7,0.35,2.1,1.0,0.5,1.7,6,5,1
2010-06-18,Germany,Serbia,Port Elizabeth,South Africa,0.0,1.0,-1,1.0,58.0,9654.0,8736.3,-917.7000000000007,0.0,0.0,14.6,44.8,0.0,21.3,1867.5,1755.3,112.3,0.8,0.65,2.3,0.5,1.8,0.7,5,5,0
2010-06-19,Cameroon,Denmark,Pretoria,South Africa,1.0,2.0,-1,3.0,1325.0,3736.8,9142.7,5405.900000000001,1.0,0.0,8.0,39.6,0.0,10.9,1692.1,1718.1,-26.0,0.3,0.4,1.1,1.7,0.8,0.9,5,5,0
2010-06-19,Ghana,Australia,Rustenburg,South Africa,1.0,1.0,0,2.0,1159.0,4556.0,10912.7,6356.700000000001,2.0,8.0,8.6,39.9,0.0,9.7,1695.3,1771.3,-76.0,0.55,0.6,0.8,1.0,1.1,1.4,6,6,0
2010-06-19,Netherlands,Japan,Durban,South Africa,1.0,0.0,1,1.0,9.0,9457.7,13454.3,3996.5999999999985,0.0,7.0,16.7,47.5,0.0,15.5,1927.3,1711.3,216.0,0.85,0.4,2.0,0.4,0.8,1.2,5,5,0
2010-06-20,Slovakia,Paraguay,Bloemfontein,South Africa,0.0,2.0,-1,2.0,1389.0,8605.4,8126.8,-478.59999999999945,0.0,5.0,6.2,36.5,0.0,8.6,1643.9,1741.0,-97.1,0.55,0.4,1.2,0.9,0.9,1.2,5,6,-1
2010-06-20,Brazil,Ivory Coast,Johannesburg,South Africa,3.0,1.0,1,4.0,1734.0,7881.0,4915.3,-2965.7,5.0,2.0,6.1,27.1,0.0,14.4,1997.0,1758.8,238.3,0.85,0.6,2.3,0.7,1.4,1.0,5,5,0
2010-06-20,Italy,New Zealand,Nelspruit,South Africa,1.0,1.0,0,2.0,696.0,7698.4,11728.4,4030.0,0.0,10.0,10.5,44.4,0.0,9.5,1830.5,1601.2,229.4,0.65,0.45,1.3,0.8,0.8,1.1,6,5,1
2010-06-21,Chile,Switzerland,Port Elizabeth,South Africa,1.0,0.0,1,1.0,58.0,8533.1,9144.0,610.8999999999996,6.0,0.0,17.0,76.5,0.0,22.5,1838.5,1708.1,130.3,0.85,0.5,1.6,0.4,1.0,0.8,5,5,0
2010-06-21,Portugal,North Korea,Cape Town,South Africa,7.0,0.0,1,7.0,25.0,8531.2,13662.4,5131.199999999999,1.0,7.0,11.7,86.1,4.3,15.9,1809.0,1576.9,232.0,0.9,0.35,1.8,0.1,1.6,1.3,6,6,0
2010-06-21,Spain,Honduras,Johannesburg,South Africa,2.0,0.0,1,2.0,1734.0,8074.8,13193.4,5118.599999999999,0.0,8.0,7.7,31.0,0.0,11.2,2015.2,1670.1,345.1,0.9,0.4,2.9,0.8,0.9,1.3,5,5,0
2010-06-22,Greece,Argentina,Polokwane,South Africa,0.0,2.0,-1,2.0,1288.0,6876.8,8357.0,1480.1999999999998,1.0,5.0,10.8,36.6,0.0,8.2,1692.7,1897.5,-204.8,0.55,0.8,1.3,1.3,2.4,1.0,5,5,0
2010-06-22,Mexico,Uruguay,Rustenburg,South Africa,0.0,1.0,-1,1.0,1159.0,14508.1,7861.3,-6646.8,8.0,5.0,9.9,33.8,0.0,11.1,1812.5,1802.7,9.8,0.7,0.7,1.5,0.8,1.7,0.7,5,6,-1
2010-06-22,Nigeria,South Korea,Durban,South Africa,2.0,2.0,0,4.0,9.0,4995.9,12448.3,7452.4,1.0,7.0,16.9,83.5,0.0,19.9,1725.8,1781.3,-55.5,0.55,0.6,1.4,0.8,1.7,1.0,5,5,0
2010-06-22,South Africa,France,Bloemfontein,South Africa,2.0,1.0,1,3.0,1389.0,423.0,8956.6,8533.6,0.0,0.0,7.9,35.6,0.0,14.3,1648.1,1792.9,-144.8,0.7,0.55,1.7,0.7,1.3,0.9,6,5,1
2010-06-23,United States,Algeria,Pretoria,South Africa,1.0,0.0,1,1.0,1325.0,13025.9,7402.9,-5623.0,6.0,1.0,10.0,28.9,0.0,10.8,1770.3,1611.5,158.9,0.4,0.4,1.5,1.9,0.5,1.4,5,5,0
2010-06-23,Slovenia,England,Port Elizabeth,South Africa,0.0,1.0,-1,1.0,58.0,8932.1,9797.2,865.1000000000004,0.0,1.0,15.0,65.9,0.0,14.0,1649.6,1889.1,-239.5,0.75,0.7,2.1,0.8,1.9,0.8,5,5,0
2010-06-23,Australia,Serbia,Nelspruit,South Africa,2.0,1.0,1,3.0,696.0,10660.6,7853.1,-2807.5,8.0,0.0,11.8,48.8,0.0,8.1,1770.9,1777.3,-6.5,0.65,0.65,1.1,1.2,1.4,0.7,4,5,-1
2010-06-23,Ghana,Germany,Johannesburg,South Africa,0.0,1.0,-1,1.0,1734.0,4655.4,8836.6,4181.200000000001,2.0,0.0,7.2,26.0,0.0,12.2,1695.8,1845.5,-149.7,0.55,0.7,0.9,1.1,2.1,0.6,4,5,-1
2010-06-24,Cameroon,Netherlands,Cape Town,South Africa,1.0,2.0,-1,3.0,25.0,4244.0,9650.1,5406.1,1.0,0.0,13.5,78.9,0.0,14.1,1675.4,1932.2,-256.8,0.3,0.85,1.2,1.8,1.8,0.4,5,5,0
2010-06-24,Denmark,Japan,Rustenburg,South Africa,1.0,3.0,-1,4.0,1159.0,9119.7,13577.8,4458.0999999999985,0.0,7.0,10.7,30.1,0.0,9.8,1734.8,1706.3,28.4,0.45,0.35,0.9,0.9,0.8,1.3,5,5,0
2010-06-24,Paraguay,New Zealand,Polokwane,South Africa,0.0,0.0,0,0.0,1288.0,8637.0,11952.7,3315.7000000000007,5.0,10.0,12.3,45.2,0.0,9.3,1754.6,1611.5,143.1,0.5,0.5,1.1,1.0,0.9,1.0,4,4,0
2010-06-24,Slovakia,Italy,Johannesburg,South Africa,3.0,2.0,1,5.0,1734.0,8306.9,7708.6,-598.2999999999993,0.0,0.0,9.4,26.2,0.0,9.4,1630.3,1820.2,-189.9,0.5,0.6,1.0,0.9,1.2,0.9,4,4,0
2010-06-25,Switzerland,Honduras,Bloemfontein,South Africa,0.0,0.0,0,0.0,1389.0,8632.5,13022.5,4390.0,0.0,8.0,8.2,22.9,0.0,8.2,1700.8,1667.5,33.3,0.45,0.3,1.0,0.9,0.8,1.5,4,4,0
2010-06-25,Portugal,Brazil,Durban,South Africa,0.0,0.0,0,0.0,9.0,8660.5,8107.7,-552.8000000000002,1.0,5.0,19.3,60.4,0.0,11.5,1813.6,2001.5,-187.9,0.9,0.85,2.4,0.1,2.3,0.7,4,5,-1
2010-06-25,Chile,Spain,Pretoria,South Africa,1.0,2.0,-1,3.0,1325.0,9234.4,8034.6,-1199.7999999999993,6.0,0.0,12.2,15.1,0.0,14.2,1845.8,2017.8,-172.0,0.85,0.9,1.5,0.3,2.8,0.8,4,4,0
2010-06-25,North Korea,Ivory Coast,Nelspruit,South Africa,0.0,3.0,-1,3.0,696.0,12138.5,5092.9,-7045.6,7.0,2.0,12.8,45.6,0.0,9.6,1572.3,1754.3,-182.0,0.25,0.55,1.2,2.0,1.3,1.1,4,5,-1
2010-06-26,Uruguay,South Korea,Port Elizabeth,South Africa,2.0,1.0,1,3.0,58.0,7283.9,13116.8,5832.9,5.0,7.0,15.8,76.4,1.4,17.7,1820.9,1781.7,39.2,0.8,0.55,1.8,0.6,1.4,1.2,4,4,0
2010-06-26,United States,Ghana,Rustenburg,South Africa,1.0,2.0,-1,3.0,1159.0,12940.9,4556.0,-8384.9,6.0,2.0,12.5,23.5,0.0,8.6,1776.8,1684.4,92.4,0.5,0.55,1.6,1.8,0.8,0.9,3,3,0
2010-06-27,Germany,England,Bloemfontein,South Africa,4.0,1.0,1,5.0,1389.0,9129.1,9296.3,167.1999999999989,0.0,1.0,10.6,26.8,0.0,24.6,1856.9,1897.2,-40.3,0.7,0.7,1.8,0.6,1.8,0.7,4,4,0
2010-06-27,Argentina,Mexico,Johannesburg,South Africa,3.0,1.0,1,4.0,1734.0,8103.3,14592.8,6489.499999999999,5.0,8.0,10.2,34.1,0.0,21.3,1906.8,1794.3,112.4,0.8,0.65,2.5,1.0,1.5,0.9,5,5,0
2010-06-28,Brazil,Chile,Johannesburg,South Africa,3.0,0.0,1,3.0,1734.0,7881.0,9194.6,1313.6000000000004,5.0,6.0,9.8,57.8,0.0,19.2,1996.4,1835.3,161.1,0.8,0.75,1.9,0.5,1.4,0.4,3,3,0
2010-06-28,Netherlands,Slovakia,Durban,South Africa,2.0,1.0,1,3.0,9.0,9457.7,8750.7,-707.0,0.0,0.0,18.9,73.0,0.0,29.6,1939.7,1650.4,289.3,0.85,0.5,1.9,0.5,1.1,1.1,4,4,0
2010-06-29,Paraguay,Japan,Pretoria,South Africa,0.0,0.0,0,0.0,1325.0,8441.4,13497.6,5056.200000000001,5.0,7.0,12.1,59.9,0.4,12.8,1746.6,1725.3,21.3,0.55,0.4,1.0,0.8,1.1,1.4,5,5,0
2010-06-29,Spain,Portugal,Cape Town,South Africa,1.0,0.0,1,1.0,25.0,8539.5,8531.2,-8.299999999999272,0.0,1.0,13.2,85.2,11.1,36.9,2028.3,1818.7,209.7,0.9,0.85,2.8,0.8,2.1,0.1,4,4,0
2010-07-02,Netherlands,Brazil,Port Elizabeth,South Africa,2.0,1.0,1,3.0,58.0,9774.0,7548.1,-2225.8999999999996,0.0,5.0,19.3,44.1,0.0,18.7,1943.2,2002.8,-59.7,0.9,0.9,2.1,0.6,2.1,0.3,4,4,0
2010-07-02,Uruguay,Ghana,Johannesburg,South Africa,1.0,1.0,0,2.0,1734.0,7901.2,4655.4,-3245.8,5.0,2.0,9.0,72.5,0.6,11.6,1831.5,1705.8,125.7,0.8,0.55,1.7,0.6,0.9,1.0,6,6,0
2010-07-03,Argentina,Germany,Cape Town,South Africa,0.0,4.0,-1,4.0,25.0,6883.9,9589.4,2705.5,5.0,0.0,13.0,79.2,0.0,15.6,1914.7,1870.8,43.9,0.9,0.7,2.7,0.9,2.1,0.7,6,6,0
2010-07-03,Paraguay,Spain,Johannesburg,South Africa,0.0,1.0,-1,1.0,1734.0,8409.9,8074.8,-335.09999999999945,5.0,0.0,9.8,44.5,0.0,7.5,1742.9,2033.4,-290.5,0.6,0.9,1.0,0.6,2.4,0.6,4,4,0
2010-07-06,Uruguay,Netherlands,Cape Town,South Africa,2.0,3.0,-1,5.0,25.0,6684.2,9650.1,2965.9000000000005,5.0,0.0,11.9,66.0,1.3,26.4,1824.0,1957.9,-133.9,0.75,0.95,1.6,0.6,2.3,0.7,4,4,0
2010-07-07,Germany,Spain,Durban,South Africa,0.0,1.0,-1,1.0,9.0,9285.7,8566.2,-719.5,0.0,0.0,18.0,73.1,0.1,34.8,1890.4,2039.9,-149.5,0.75,0.9,2.4,0.6,2.3,0.5,4,4,0
2010-07-10,Uruguay,Germany,Port Elizabeth,South Africa,2.0,3.0,-1,5.0,58.0,7283.9,9654.0,2370.1000000000004,5.0,0.0,15.9,79.6,0.9,22.0,1811.9,1879.0,-67.0,0.75,0.7,1.8,0.8,2.2,0.5,4,3,1
2010-07-11,Netherlands,Spain,Johannesburg,South Africa,0.0,1.0,-1,1.0,1734.0,8991.2,8074.8,-916.4000000000005,0.0,0.0,10.4,38.4,0.0,24.5,1970.0,2051.3,-81.3,1.0,0.9,2.6,0.9,1.9,0.4,5,4,1
2014-06-12,Brazil,Croatia,São Paulo,Brazil,3.0,1.0,1,4.0,768.0,870.9,9942.0,9071.1,0.0,5.0,18.8,73.0,0.0,11.7,2014.1,1797.1,217.0,0.9,0.65,3.0,0.3,1.4,1.1,6,6,0
2014-06-13,Chile,Australia,Cuiabá,Brazil,3.0,1.0,1,4.0,171.0,2461.5,13780.0,11318.5,0.0,14.0,27.6,54.2,0.0,13.0,1857.9,1717.9,140.0,0.7,0.3,2.6,1.0,1.3,2.5,30,7,23
2014-06-13,Mexico,Cameroon,Natal,Brazil,1.0,0.0,1,1.0,28.0,7535.3,5301.3,-2234.0,3.0,4.0,24.9,88.0,9.2,25.4,1762.1,1691.0,71.1,0.5,0.65,2.0,1.3,1.5,1.0,7,6,1
2014-06-13,Spain,Netherlands,Salvador,Brazil,1.0,5.0,-1,6.0,34.0,6915.9,8348.5,1432.6000000000004,5.0,5.0,24.1,89.8,9.1,22.9,2016.7,1874.0,142.7,0.85,0.7,1.7,0.5,2.0,0.8,6,9,-3
2014-06-14,Colombia,Greece,Belo Horizonte,Brazil,3.0,0.0,1,3.0,857.0,4276.8,9537.4,5260.599999999999,2.0,6.0,19.0,60.9,0.0,13.7,1851.5,1791.4,60.0,0.7,0.75,1.5,0.9,1.1,0.5,8,8,0
2014-06-14,England,Italy,Manaus,Brazil,1.0,2.0,-1,3.0,44.0,8261.4,8805.2,543.8000000000011,5.0,6.0,26.8,71.8,0.0,12.8,1879.6,1795.4,84.2,0.65,0.5,1.6,0.6,1.2,1.2,7,10,-3
2014-06-14,Ivory Coast,Japan,Recife,Brazil,2.0,1.0,1,3.0,9.0,3735.6,16896.1,13160.499999999998,3.0,12.0,24.6,89.0,16.5,18.8,1792.0,1795.4,-3.4,0.5,0.75,1.7,1.7,2.3,1.4,10,8,2
2014-06-14,Uruguay,Costa Rica,Fortaleza,Brazil,1.0,3.0,-1,4.0,7.0,3895.7,5275.0,1379.3000000000002,0.0,3.0,27.6,73.1,1.4,22.3,1868.8,1670.9,197.9,0.8,0.4,2.0,0.7,1.2,1.4,10,8,2
2014-06-15,Argentina,Bosnia and Herzegovina,Rio de Janeiro,Brazil,2.0,1.0,1,3.0,6.0,1964.1,9696.7,7732.6,0.0,5.0,21.9,87.0,0.6,9.8,1939.7,1733.6,206.1,0.8,0.6,2.3,0.7,1.8,1.2,8,12,-4
2014-06-15,France,Honduras,Porto Alegre,Brazil,3.0,0.0,1,3.0,31.0,10229.2,6220.1,-4009.1000000000004,5.0,3.0,17.6,80.5,1.3,21.7,1846.9,1655.8,191.0,0.8,0.5,3.1,0.5,1.3,1.9,7,8,-1
2014-06-15,Switzerland,Ecuador,Brasília,Brazil,2.0,1.0,1,3.0,1092.0,8871.4,3777.8,-5093.599999999999,5.0,2.0,19.5,56.4,0.0,20.2,1790.9,1797.7,-6.8,0.8,0.45,1.7,0.9,1.3,1.5,12,11,1
2014-06-16,Iran,Nigeria,Curitiba,Brazil,0.0,0.0,0,0.0,912.0,12529.2,7226.4,-5302.800000000001,6.5,4.0,17.6,79.2,0.1,11.9,1715.7,1737.6,-21.8,0.75,0.65,1.7,0.7,1.7,1.0,8,9,-1
2014-06-16,Ghana,United States,Natal,Brazil,1.0,2.0,-1,3.0,28.0,4091.4,6561.0,2469.6,3.0,1.0,25.0,81.2,7.3,26.3,1715.0,1831.8,-116.8,0.45,0.65,1.7,1.2,1.4,1.0,7,9,-2
2014-06-16,Germany,Portugal,Salvador,Brazil,4.0,0.0,1,4.0,34.0,8787.2,6486.0,-2301.2000000000007,5.0,4.0,24.1,76.9,7.2,21.7,1934.3,1870.4,63.9,0.85,0.8,2.5,0.7,2.4,1.0,10,6,4
2014-06-17,Belgium,Algeria,Belo Horizonte,Brazil,2.0,1.0,1,3.0,857.0,9150.8,7982.3,-1168.499999999999,5.0,4.0,18.9,50.9,0.0,7.3,1782.9,1679.9,103.0,0.65,0.85,1.7,1.0,1.9,0.8,10,13,-3
2014-06-17,Brazil,Mexico,Fortaleza,Brazil,0.0,0.0,0,0.0,7.0,1678.5,7108.7,5430.2,0.0,3.0,25.6,79.8,5.9,23.9,2019.1,1771.5,247.5,1.0,0.6,3.3,0.3,2.0,1.1,5,4,1
2014-06-17,Russia,South Korea,Cuiabá,Brazil,1.0,1.0,0,2.0,171.0,11657.6,17551.4,5893.800000000001,7.0,13.0,24.9,63.4,0.0,8.4,1793.3,1701.0,92.3,0.85,0.4,2.1,0.6,0.9,1.7,11,8,3
2014-06-18,Australia,Netherlands,Curitiba,Brazil,2.0,3.0,-1,5.0,912.0,13012.7,10094.2,-2918.5,13.0,5.0,14.1,93.0,15.6,16.3,1710.9,1897.0,-186.1,0.25,0.75,1.4,2.8,2.3,0.7,5,5,0
2014-06-18,Cameroon,Croatia,Manaus,Brazil,0.0,4.0,-1,4.0,44.0,7989.8,9176.8,1186.999999999999,5.0,6.0,25.3,90.4,12.8,5.4,1681.6,1792.2,-110.5,0.55,0.55,1.2,1.1,1.2,1.2,5,6,-1
2014-06-18,Spain,Chile,Rio de Janeiro,Brazil,0.0,2.0,-1,2.0,6.0,8117.8,2926.6,-5191.200000000001,5.0,1.0,22.4,81.0,2.6,8.9,1993.7,1865.0,128.7,0.75,0.7,1.6,1.0,2.6,1.0,5,5,0
2014-06-19,Colombia,Ivory Coast,Brasília,Brazil,2.0,1.0,1,3.0,1092.0,3670.1,5370.7,1700.6,2.0,3.0,22.3,46.1,0.0,12.1,1861.3,1804.4,56.9,0.7,0.6,1.7,0.9,1.8,1.6,5,5,0
2014-06-19,Japan,Greece,Natal,Brazil,0.0,0.0,0,0.0,28.0,16655.3,7774.9,-8880.4,12.0,6.0,25.1,85.1,7.0,25.2,1783.1,1781.6,1.5,0.65,0.65,2.1,1.6,1.0,0.8,5,5,0
2014-06-19,Uruguay,England,São Paulo,Brazil,2.0,1.0,1,3.0,768.0,1560.6,9472.8,7912.199999999999,0.0,4.0,13.4,86.8,0.1,19.0,1844.2,1858.5,-14.3,0.7,0.55,1.7,0.8,1.3,0.8,5,5,0
2014-06-20,Switzerland,France,Salvador,Brazil,2.0,5.0,-1,7.0,34.0,8058.2,7940.0,-118.19999999999982,5.0,5.0,24.6,68.5,1.7,19.4,1803.4,1852.5,-49.1,0.8,0.85,1.8,1.0,3.4,0.5,5,5,0
2014-06-20,Honduras,Ecuador,Curitiba,Brazil,1.0,2.0,-1,3.0,912.0,6000.7,4201.5,-1799.1999999999998,3.0,2.0,11.3,76.6,0.0,9.4,1650.3,1785.2,-135.0,0.4,0.45,1.2,2.2,1.4,1.6,5,5,0
2014-06-20,Italy,Costa Rica,Recife,Brazil,0.0,1.0,-1,1.0,9.0,7335.5,5805.4,-1530.1000000000004,5.0,3.0,24.8,77.2,1.6,21.7,1816.5,1695.5,121.0,0.6,0.4,1.3,1.1,1.1,1.5,6,6,0
2014-06-21,Argentina,Iran,Belo Horizonte,Brazil,1.0,0.0,1,1.0,857.0,2160.5,11744.5,9584.0,0.0,6.5,18.6,58.4,0.2,10.0,1944.9,1713.9,231.0,0.8,0.7,2.1,0.8,1.6,0.7,6,5,1
2014-06-21,Germany,Ghana,Fortaleza,Brazil,2.0,2.0,0,4.0,7.0,7908.3,4387.6,-3520.7,5.0,3.0,26.6,71.6,3.0,22.0,1944.0,1702.2,241.7,0.85,0.4,2.6,0.7,1.6,1.2,5,5,0
2014-06-21,Nigeria,Bosnia and Herzegovina,Cuiabá,Brazil,1.0,0.0,1,1.0,171.0,7512.7,10003.0,2490.3,5.0,6.0,25.7,58.4,0.0,7.0,1739.4,1728.4,11.0,0.6,0.5,1.5,1.0,1.4,1.4,5,6,-1
2014-06-22,Belgium,Russia,Rio de Janeiro,Brazil,1.0,0.0,1,1.0,6.0,9406.1,11530.6,2124.5,5.0,6.0,20.8,80.5,0.2,10.2,1791.1,1786.9,4.2,0.7,0.8,1.9,1.1,1.8,0.6,5,5,0
2014-06-22,South Korea,Algeria,Porto Alegre,Brazil,2.0,4.0,-1,6.0,31.0,19152.8,9313.3,-9839.5,12.0,4.0,12.8,75.1,0.6,8.4,1707.4,1671.6,35.8,0.45,0.75,1.0,1.6,1.8,1.0,5,5,0
2014-06-22,United States,Portugal,Manaus,Brazil,2.0,2.0,0,4.0,44.0,4973.2,6970.7,1997.5,0.0,5.0,26.4,85.9,13.5,13.7,1844.6,1860.8,-16.1,0.75,0.7,1.5,0.8,2.0,1.2,6,6,0
2014-06-23,Netherlands,Chile,São Paulo,Brazil,2.0,0.0,1,2.0,768.0,9782.0,2587.7,-7194.3,5.0,1.0,18.5,64.4,0.0,10.1,1907.0,1887.5,19.5,0.75,0.7,2.4,0.9,2.2,1.0,5,5,0
2014-06-23,Croatia,Mexico,Recife,Brazil,1.0,3.0,-1,4.0,9.0,7818.1,7669.3,-148.80000000000018,5.0,3.0,24.2,86.0,15.4,16.6,1805.2,1782.3,22.9,0.6,0.65,1.5,1.1,2.0,0.9,5,6,-1
2014-06-23,Australia,Spain,Curitiba,Brazil,0.0,3.0,-1,3.0,912.0,13012.7,8682.1,-4330.6,13.0,5.0,16.1,79.0,0.1,12.8,1700.9,1971.1,-270.2,0.25,0.65,1.4,2.8,1.4,1.2,5,5,0
2014-06-23,Brazil,Cameroon,Brasília,Brazil,4.0,1.0,1,5.0,1092.0,5.2,6889.1,6883.900000000001,0.0,4.0,18.5,52.9,0.0,20.7,2008.3,1668.6,339.7,0.95,0.5,2.7,0.3,1.2,1.5,6,5,1
2014-06-24,Costa Rica,England,Belo Horizonte,Brazil,0.0,0.0,0,0.0,857.0,5500.4,8989.2,3488.800000000001,3.0,4.0,17.4,50.2,0.0,6.9,1717.8,1845.7,-127.9,0.4,0.5,0.9,1.4,1.4,1.0,4,5,-1
2014-06-24,Greece,Ivory Coast,Fortaleza,Brazil,2.0,1.0,1,3.0,7.0,7891.8,3969.5,-3922.3,6.0,3.0,26.3,75.6,0.7,26.2,1784.4,1794.5,-10.0,0.6,0.55,0.9,0.8,1.8,1.7,5,5,0
2014-06-24,Italy,Uruguay,Natal,Brazil,0.0,1.0,-1,1.0,28.0,7159.1,3874.7,-3284.4000000000005,5.0,0.0,25.1,81.1,4.6,27.7,1794.1,1857.1,-62.9,0.5,0.7,1.2,1.2,1.7,0.8,4,5,-1
2014-06-24,Japan,Colombia,Cuiabá,Brazil,1.0,4.0,-1,5.0,171.0,17291.9,2994.9,-14297.000000000002,13.0,1.0,26.1,49.4,0.0,13.0,1780.2,1871.2,-91.0,0.6,0.7,1.8,1.5,1.8,1.0,5,5,0
2014-06-25,Nigeria,Argentina,Porto Alegre,Brazil,2.0,3.0,-1,5.0,31.0,7614.4,842.5,-6771.9,4.0,0.0,17.7,93.1,18.4,14.7,1751.2,1949.5,-198.3,0.6,0.8,1.2,0.9,2.0,0.7,4,4,0
2014-06-25,Honduras,Switzerland,Manaus,Brazil,0.0,3.0,-1,3.0,44.0,3555.3,8577.9,5022.599999999999,2.0,6.0,26.8,77.5,0.6,10.3,1638.2,1787.7,-149.5,0.4,0.7,1.2,2.1,1.9,1.5,5,5,0
2014-06-25,Bosnia and Herzegovina,Iran,Salvador,Brazil,3.0,1.0,1,4.0,34.0,8527.5,10832.1,2304.6000000000004,5.0,6.5,23.4,79.6,2.5,17.2,1716.6,1709.3,7.3,0.5,0.6,1.1,1.1,1.4,0.7,4,4,0
2014-06-25,Ecuador,France,Rio de Janeiro,Brazil,0.0,0.0,0,0.0,6.0,4569.1,9145.4,4576.299999999999,2.0,5.0,21.8,70.6,0.0,8.0,1797.2,1868.2,-70.9,0.5,0.85,1.5,1.6,3.5,0.5,5,5,0
2014-06-26,Algeria,Russia,Curitiba,Brazil,1.0,1.0,0,2.0,912.0,8800.6,12117.2,3316.6000000000004,4.0,6.0,17.9,78.8,0.0,14.5,1690.8,1774.9,-84.1,0.75,0.7,1.9,1.1,1.5,0.6,4,4,0
2014-06-26,South Korea,Belgium,São Paulo,Brazil,0.0,1.0,-1,1.0,768.0,18337.9,9636.9,-8701.000000000002,12.0,5.0,19.5,52.2,0.0,13.8,1688.1,1803.2,-115.0,0.35,0.7,0.9,1.9,1.8,1.1,4,4,0
2014-06-26,Portugal,Ghana,Brasília,Brazil,2.0,1.0,1,3.0,1092.0,7259.1,5763.7,-1495.4000000000005,4.0,3.0,19.4,42.2,0.0,15.3,1862.8,1712.8,150.0,0.75,0.45,2.1,1.1,1.8,1.3,4,5,-1
2014-06-26,United States,Germany,Recife,Brazil,0.0,1.0,-1,1.0,9.0,6781.3,8120.3,1339.0,1.0,5.0,24.5,92.9,11.8,11.9,1842.5,1933.4,-90.8,0.7,0.8,1.5,1.0,2.5,0.9,4,5,-1
2014-06-28,Colombia,Uruguay,Rio de Janeiro,Brazil,2.0,0.0,1,2.0,6.0,4538.5,1830.2,-2708.3,2.0,0.0,23.4,71.4,0.0,7.3,1885.1,1872.2,13.0,0.8,0.7,2.2,0.9,1.6,0.8,4,4,0
2014-06-28,Brazil,Chile,Belo Horizonte,Brazil,1.0,1.0,0,2.0,857.0,623.2,3039.2,2416.0,0.0,1.0,18.6,53.0,0.0,8.1,2011.0,1876.1,134.9,0.95,0.6,2.8,0.3,1.9,1.2,5,5,0
2014-06-29,Costa Rica,Greece,Recife,Brazil,1.0,1.0,0,2.0,9.0,5805.4,7923.2,2117.8,3.0,6.0,24.8,80.5,3.3,18.0,1720.5,1797.1,-76.6,0.4,0.6,0.8,1.3,1.0,0.9,5,5,0
2014-06-29,Netherlands,Mexico,Fortaleza,Brazil,2.0,1.0,1,3.0,7.0,7441.0,7108.7,-332.3000000000002,5.0,3.0,26.4,78.5,0.3,22.4,1918.4,1801.0,117.4,0.75,0.65,1.8,0.8,2.1,0.9,6,6,0
2014-06-30,Germany,Algeria,Porto Alegre,Brazil,2.0,1.0,1,3.0,31.0,11082.9,9313.3,-1769.6000000000004,5.0,4.0,13.6,91.5,25.2,27.6,1947.2,1691.6,255.6,0.8,0.7,2.3,0.9,1.9,1.2,4,4,0
2014-06-30,France,Nigeria,Brasília,Brazil,2.0,0.0,1,2.0,1092.0,8705.9,6685.0,-2020.8999999999996,5.0,4.0,20.2,37.5,0.0,7.3,1867.9,1741.7,126.2,0.8,0.5,2.9,0.5,1.2,1.1,5,5,0
2014-07-01,Argentina,Switzerland,São Paulo,Brazil,1.0,0.0,1,1.0,768.0,1673.4,9506.7,7833.300000000001,0.0,5.0,15.1,41.0,0.0,14.9,1959.0,1799.1,159.9,0.8,0.75,1.8,0.7,1.8,1.1,6,6,0
2014-07-01,Belgium,United States,Salvador,Brazil,2.0,1.0,1,3.0,34.0,8200.2,7002.4,-1197.800000000001,5.0,1.0,23.7,77.4,0.1,11.8,1816.0,1828.6,-12.6,0.7,0.6,1.7,1.0,1.3,1.1,5,5,0
2014-07-04,Brazil,Colombia,Fortaleza,Brazil,2.0,1.0,1,3.0,7.0,1678.5,4063.3,2384.8,0.0,2.0,26.7,65.6,0.0,21.2,2003.2,1896.8,106.4,0.9,0.85,2.7,0.4,2.1,0.6,6,6,0
2014-07-04,France,Germany,Rio de Janeiro,Brazil,0.0,1.0,-1,1.0,6.0,9145.4,9989.2,843.8000000000011,5.0,5.0,24.2,73.1,0.0,6.8,1875.4,1951.3,-75.9,0.8,0.8,2.8,0.5,2.0,0.7,4,4,0
2014-07-05,Argentina,Belgium,Brasília,Brazil,1.0,0.0,1,1.0,1092.0,2333.3,8958.8,6625.499999999999,0.0,5.0,19.6,36.5,0.0,18.9,1965.5,1828.8,136.7,0.8,0.75,1.6,0.6,1.8,1.0,4,4,0
2014-07-05,Netherlands,Costa Rica,Salvador,Brazil,0.0,0.0,0,0.0,34.0,8348.5,5642.0,-2706.5,5.0,3.0,23.6,81.1,6.9,18.9,1926.2,1721.0,205.2,0.75,0.45,1.8,0.9,0.9,1.3,6,6,0
2014-07-08,Brazil,Germany,Belo Horizonte,Brazil,1.0,7.0,-1,8.0,857.0,623.2,9744.1,9120.9,0.0,5.0,18.7,60.0,0.1,11.4,2011.3,1965.9,45.5,0.9,0.85,2.7,0.5,2.0,0.6,4,4,0
2014-07-09,Netherlands,Argentina,São Paulo,Brazil,0.0,0.0,0,0.0,768.0,9782.0,1673.4,-8108.6,5.0,0.0,16.0,90.1,3.5,17.8,1916.4,1972.6,-56.2,0.75,0.9,1.6,0.7,1.5,0.3,4,4,0
2014-07-12,Brazil,Netherlands,Brasília,Brazil,0.0,3.0,-1,3.0,1092.0,5.2,9095.3,9090.099999999999,0.0,5.0,20.6,40.4,0.0,15.2,1991.7,1916.0,75.7,0.8,0.75,2.3,1.2,1.6,0.7,4,3,1
2014-07-13,Germany,Argentina,Rio de Janeiro,Brazil,1.0,0.0,1,1.0,6.0,9989.2,1964.1,-8025.1,5.0,0.0,19.7,69.4,0.0,10.8,1985.5,1973.0,12.5,0.85,0.9,2.6,0.7,1.5,0.3,5,4,1
2018-06-14,Russia,Saudi Arabia,Moscow,Russia,5.0,0.0,1,5.0,192.0,14.5,3511.7,3497.2,0.0,0.0,11.8,51.8,0.0,12.5,1688.0,1639.6,48.4,0.25,0.35,1.1,1.8,1.1,1.8,9,6,3
2018-06-15,Egypt,Uruguay,Ekaterinburg,Russia,0.0,1.0,-1,1.0,252.0,3750.8,14768.2,11017.400000000001,2.0,8.0,10.4,49.9,0.8,23.3,1686.8,1848.2,-161.4,0.35,0.65,0.6,1.1,1.3,0.8,9,8,1
2018-06-15,Morocco,Iran,Saint Petersburg,Russia,0.0,1.0,-1,1.0,0.0,3939.7,3100.9,-838.7999999999997,2.0,0.5,18.6,40.8,0.1,20.0,1749.8,1809.3,-59.5,0.9,0.75,2.3,0.4,1.5,0.6,6,7,-1
2018-06-15,Portugal,Spain,Sochi,Russia,3.0,3.0,0,6.0,5.0,4077.7,3574.0,-503.6999999999998,2.0,1.0,25.4,64.6,0.0,16.0,1875.5,1978.2,-102.7,0.75,0.85,1.6,0.7,3.2,0.6,8,6,2
2018-06-16,France,Australia,Kazan,Russia,2.0,1.0,1,3.0,82.0,3213.8,13759.5,10545.7,1.0,7.0,12.8,47.5,0.0,20.1,1918.8,1753.7,165.0,0.75,0.65,1.8,0.9,1.5,1.1,7,7,0
2018-06-16,Argentina,Iceland,Moscow,Russia,1.0,1.0,0,2.0,192.0,13454.1,3328.1,-10126.0,6.0,3.0,14.9,41.5,0.0,11.5,1934.6,1698.4,236.2,0.65,0.5,2.0,1.2,2.2,1.5,18,9,9
2018-06-16,Peru,Denmark,Saransk,Russia,0.0,1.0,-1,1.0,150.0,13155.9,2077.9,-11078.0,8.0,1.0,13.2,42.1,0.0,16.6,1883.3,1765.9,117.4,0.8,0.7,1.5,0.3,1.4,0.4,7,7,0
2018-06-16,Croatia,Nigeria,Kaliningrad,Russia,2.0,0.0,1,2.0,14.0,1040.2,5193.3,4153.1,0.0,1.0,17.4,57.1,0.3,12.1,1835.5,1687.3,148.3,0.6,0.5,1.1,0.8,1.3,1.2,8,10,-2
2018-06-17,Costa Rica,Serbia,Samara,Russia,0.0,1.0,-1,1.0,75.0,11783.8,2341.3,-9442.5,10.0,2.0,17.4,35.9,0.0,21.4,1742.7,1726.0,16.7,0.3,0.65,0.8,1.7,1.8,0.8,6,8,-2
2018-06-17,Germany,Mexico,Moscow,Russia,0.0,1.0,-1,1.0,192.0,1612.7,10747.0,9134.3,1.0,9.0,18.1,47.2,0.0,13.6,1927.4,1825.1,102.3,0.65,0.6,2.2,1.0,1.4,1.0,9,8,1
2018-06-17,Brazil,Switzerland,Rostov-on-Don,Russia,1.0,1.0,0,2.0,74.0,11107.8,2432.7,-8675.099999999999,6.0,1.0,23.8,22.8,0.0,23.8,2062.8,1840.0,222.9,0.85,0.8,1.8,0.2,2.2,0.5,7,9,-2
2018-06-18,Tunisia,England,Volgograd,Russia,1.0,2.0,-1,3.0,36.0,3071.7,3158.7,87.0,2.0,2.0,21.5,21.6,0.0,14.5,1715.9,1911.3,-195.4,0.7,0.85,1.5,0.9,1.4,0.3,9,11,-2
2018-06-18,Belgium,Panama,Sochi,Russia,3.0,0.0,1,3.0,5.0,2768.3,11576.6,8808.3,1.0,8.0,22.3,82.0,9.2,11.0,1891.7,1678.9,212.8,0.9,0.4,3.4,0.8,1.0,1.6,7,12,-5
2018-06-18,Sweden,South Korea,Nizhny Novgorod,Russia,1.0,0.0,1,1.0,142.0,1566.2,6227.5,4661.3,1.0,6.0,19.8,50.5,0.0,14.5,1745.5,1704.9,40.6,0.5,0.5,1.2,0.6,1.4,1.3,9,7,2
2018-06-19,Colombia,Japan,Saransk,Russia,1.0,2.0,-1,3.0,150.0,11418.3,7151.4,-4266.9,8.0,6.0,18.8,44.1,0.1,15.0,1876.0,1710.5,165.5,0.55,0.35,1.5,0.8,1.1,1.8,18,7,11
2018-06-19,Poland,Senegal,Moscow,Russia,1.0,2.0,-1,3.0,192.0,1150.4,6507.8,5357.4,1.0,3.0,21.5,47.0,0.4,18.0,1779.8,1764.3,15.5,0.6,0.65,2.2,1.3,1.2,0.6,7,8,-1
2018-06-19,Russia,Egypt,Saint Petersburg,Russia,3.0,1.0,1,4.0,0.0,643.8,3325.6,2681.8,0.0,0.0,17.2,72.8,6.8,31.2,1698.3,1675.9,22.4,0.35,0.35,1.6,1.7,0.6,1.1,5,4,1
2018-06-20,Portugal,Morocco,Moscow,Russia,1.0,0.0,1,1.0,192.0,3911.9,4154.9,242.99999999999955,2.0,2.0,19.1,33.2,0.0,32.5,1877.2,1734.6,142.6,0.7,0.8,1.8,1.0,1.7,0.5,5,5,0
2018-06-20,Uruguay,Saudi Arabia,Rostov-on-Don,Russia,1.0,0.0,1,1.0,74.0,13163.8,2576.7,-10587.099999999999,6.0,0.0,25.7,30.9,0.0,13.3,1859.2,1629.4,229.8,0.75,0.35,1.4,0.5,1.1,2.1,5,6,-1
2018-06-20,Iran,Spain,Kazan,Russia,0.0,1.0,-1,1.0,82.0,2241.4,4164.0,1922.6,0.5,1.0,19.8,53.4,5.8,33.1,1824.6,1976.6,-152.0,0.75,0.8,1.4,0.6,3.2,0.9,5,5,0
2018-06-21,Denmark,Australia,Samara,Russia,1.0,1.0,0,2.0,75.0,2420.8,13620.6,11199.8,2.0,6.0,18.9,33.6,0.0,25.8,1788.1,1747.4,40.6,0.7,0.65,1.1,0.3,1.6,1.1,5,5,0
2018-06-21,France,Peru,Ekaterinburg,Russia,1.0,0.0,1,1.0,252.0,3896.7,13871.5,9974.8,3.0,10.0,14.5,76.0,10.9,26.7,1925.1,1861.1,64.0,0.8,0.7,2.0,1.0,1.3,0.3,5,5,0
2018-06-21,Argentina,Croatia,Nizhny Novgorod,Russia,0.0,3.0,-1,3.0,142.0,13860.4,2262.3,-11598.099999999999,6.0,1.0,17.1,43.2,0.1,32.1,1924.1,1842.3,81.8,0.6,0.6,1.5,1.3,1.2,0.8,5,5,0
2018-06-22,Serbia,Switzerland,Kaliningrad,Russia,1.0,2.0,-1,3.0,14.0,1103.7,1258.3,154.5999999999999,0.0,0.0,14.1,67.6,3.0,32.1,1744.5,1850.2,-105.7,0.65,0.75,1.6,0.8,2.0,0.6,5,5,0
2018-06-22,Nigeria,Iceland,Volgograd,Russia,2.0,0.0,1,2.0,36.0,5591.8,4206.3,-1385.5,2.0,3.0,25.1,24.4,0.0,10.6,1680.5,1708.9,-28.5,0.4,0.45,0.9,1.4,2.0,1.6,6,6,0
2018-06-22,Brazil,Costa Rica,Saint Petersburg,Russia,2.0,0.0,1,2.0,0.0,10863.1,10355.7,-507.39999999999964,6.0,9.0,16.0,51.0,2.7,31.5,2052.6,1724.2,328.4,0.8,0.25,1.7,0.3,0.7,1.7,5,5,0
2018-06-23,Belgium,Tunisia,Moscow,Russia,5.0,2.0,1,7.0,192.0,2259.4,2938.7,679.2999999999997,1.0,2.0,22.9,43.6,0.0,18.8,1896.8,1706.3,190.5,0.9,0.6,2.8,0.8,1.5,1.1,5,5,0
2018-06-23,South Korea,Mexico,Rostov-on-Don,Russia,1.0,2.0,-1,3.0,74.0,6881.9,11554.5,4672.6,6.0,9.0,28.4,37.0,0.0,18.5,1694.3,1846.9,-152.5,0.4,0.6,1.0,1.3,1.2,0.9,5,6,-1
2018-06-23,Germany,Sweden,Sochi,Russia,2.0,1.0,1,3.0,5.0,2182.2,2288.0,105.80000000000018,1.0,1.0,22.4,88.8,18.8,17.9,1905.7,1756.0,149.7,0.55,0.5,2.0,1.0,0.5,0.6,6,5,1
2018-06-24,England,Panama,Nizhny Novgorod,Russia,6.0,1.0,1,7.0,142.0,2896.7,11122.6,8225.900000000001,2.0,8.0,24.5,46.5,0.0,18.2,1920.9,1673.9,247.0,0.85,0.4,1.2,0.4,1.0,1.5,6,6,0
2018-06-24,Japan,Senegal,Ekaterinburg,Russia,2.0,2.0,0,4.0,252.0,6137.5,7925.1,1787.6000000000004,4.0,5.0,19.4,40.9,1.0,20.9,1734.2,1782.7,-48.5,0.45,0.7,1.2,1.6,1.4,0.7,5,5,0
2018-06-24,Poland,Colombia,Kazan,Russia,0.0,3.0,-1,3.0,82.0,1870.5,11551.3,9680.8,1.0,8.0,24.1,45.0,0.0,8.4,1761.4,1852.3,-90.8,0.6,0.45,2.3,1.1,1.2,1.0,5,5,0
2018-06-25,Russia,Uruguay,Samara,Russia,0.0,3.0,-1,3.0,75.0,856.6,14060.3,13203.699999999999,1.0,7.0,25.8,41.1,0.0,10.2,1709.6,1863.8,-154.2,0.45,0.8,1.8,1.6,1.5,0.5,6,5,1
2018-06-25,Saudi Arabia,Egypt,Volgograd,Russia,2.0,1.0,1,3.0,36.0,2669.6,2359.1,-310.5,0.0,0.0,28.0,24.2,0.0,21.3,1624.7,1664.6,-39.9,0.25,0.35,0.8,2.2,0.7,1.3,5,6,-1
2018-06-25,Spain,Morocco,Kaliningrad,Russia,2.0,2.0,0,4.0,14.0,2395.7,3134.3,738.6000000000004,0.0,1.0,13.8,80.5,8.9,14.1,1987.9,1727.6,260.3,0.8,0.75,2.5,0.9,1.7,0.6,5,5,0
2018-06-25,Iran,Portugal,Saransk,Russia,1.0,1.0,0,2.0,150.0,2111.2,4383.9,2272.7,0.5,2.0,24.9,48.1,0.0,12.8,1813.2,1884.1,-70.9,0.7,0.7,1.3,0.6,1.7,1.0,5,5,0
2018-06-26,Iceland,Croatia,Rostov-on-Don,Russia,1.0,2.0,-1,3.0,74.0,4096.8,1821.3,-2275.5,3.0,1.0,28.4,34.9,0.0,25.2,1695.5,1863.3,-167.8,0.35,0.7,1.8,1.8,1.5,0.7,4,5,-1
2018-06-26,Nigeria,Argentina,Saint Petersburg,Russia,1.0,2.0,-1,3.0,0.0,5958.0,13185.8,7227.799999999999,2.0,6.0,16.6,55.4,0.0,17.7,1693.9,1903.1,-209.2,0.45,0.55,1.0,1.3,1.5,1.6,4,5,-1
2018-06-26,Australia,Peru,Sochi,Russia,0.0,2.0,-1,2.0,5.0,14056.1,13076.0,-980.1000000000004,7.0,8.0,24.4,89.0,0.7,12.4,1751.9,1851.4,-99.5,0.6,0.65,1.5,1.1,1.3,0.4,5,5,0
2018-06-26,Denmark,France,Moscow,Russia,0.0,0.0,0,0.0,192.0,1567.7,2492.2,924.4999999999998,1.0,1.0,19.1,43.9,0.0,12.4,1783.7,1934.8,-151.1,0.65,0.8,1.1,0.4,2.0,1.0,5,5,0
2018-06-27,South Korea,Germany,Kazan,Russia,2.0,0.0,1,2.0,82.0,5939.4,2334.1,-3605.2999999999997,6.0,1.0,24.6,46.6,0.0,20.7,1683.0,1912.5,-229.4,0.3,0.55,1.0,1.5,1.6,1.1,4,4,0
2018-06-27,Mexico,Sweden,Ekaterinburg,Russia,0.0,3.0,-1,3.0,252.0,11343.6,2481.1,-8862.5,11.0,3.0,22.3,31.2,0.0,18.5,1858.2,1749.3,108.9,0.7,0.5,1.2,0.7,0.6,0.6,4,4,0
2018-06-27,Serbia,Brazil,Moscow,Russia,0.0,2.0,-1,2.0,192.0,1709.8,11164.0,9454.2,1.0,6.0,19.6,43.9,0.0,15.1,1731.2,2055.5,-324.2,0.55,0.85,1.6,1.0,1.8,0.2,5,5,0
2018-06-27,Switzerland,Costa Rica,Nizhny Novgorod,Russia,2.0,2.0,0,4.0,142.0,2697.7,11259.4,8561.7,1.0,9.0,20.6,43.2,0.0,17.2,1863.4,1721.4,142.0,0.75,0.2,1.9,0.7,0.6,1.8,5,5,0
2018-06-28,England,Belgium,Kaliningrad,Russia,0.0,1.0,-1,1.0,14.0,1421.6,1168.6,-253.0,1.0,0.0,21.5,48.4,0.0,20.6,1925.2,1902.4,22.8,0.85,0.9,1.6,0.4,3.1,0.9,4,5,-1
2018-06-28,Japan,Poland,Volgograd,Russia,0.0,1.0,-1,1.0,36.0,7471.9,1705.8,-5766.099999999999,6.0,1.0,31.0,27.5,0.0,21.4,1733.5,1747.5,-14.0,0.5,0.5,1.4,1.7,2.0,1.4,4,4,0
2018-06-28,Senegal,Colombia,Samara,Russia,0.0,1.0,-1,1.0,75.0,7219.2,11755.6,4536.400000000001,4.0,9.0,24.4,35.6,0.0,19.9,1783.4,1866.1,-82.7,0.7,0.5,1.4,0.7,1.5,1.0,4,4,0
2018-06-28,Panama,Tunisia,Saransk,Russia,1.0,2.0,-1,3.0,150.0,11317.3,3295.4,-8021.9,8.0,2.0,21.2,38.9,0.0,16.8,1669.6,1700.7,-31.1,0.3,0.5,0.9,2.0,1.5,1.5,4,5,-1
2018-06-30,Uruguay,Portugal,Sochi,Russia,2.0,1.0,1,3.0,5.0,13007.1,4077.7,-8929.400000000001,6.0,2.0,26.0,80.9,4.2,12.6,1875.0,1883.9,-8.8,0.8,0.65,1.6,0.4,1.6,1.1,5,5,0
2018-06-30,France,Argentina,Kazan,Russia,4.0,3.0,1,7.0,82.0,3213.8,14163.6,10949.8,1.0,6.0,22.1,40.8,0.0,14.5,1931.1,1912.2,18.9,0.75,0.6,1.8,0.9,1.6,1.6,4,4,0
2018-07-01,Russia,Spain,Moscow,Russia,1.0,1.0,0,2.0,192.0,14.5,3444.3,3429.8,0.0,1.0,21.3,77.8,15.7,22.6,1698.4,1976.9,-278.5,0.35,0.75,1.4,1.7,2.4,1.1,6,6,0
2018-07-01,Croatia,Denmark,Nizhny Novgorod,Russia,1.0,1.0,0,2.0,142.0,2262.3,1945.6,-316.7000000000003,1.0,1.0,26.4,47.8,0.2,20.3,1874.0,1787.3,86.7,0.75,0.65,1.6,0.7,1.0,0.3,5,5,0
2018-07-02,Brazil,Mexico,Samara,Russia,2.0,0.0,1,2.0,75.0,11930.4,11432.9,-497.5,7.0,10.0,27.6,35.5,0.0,13.1,2061.0,1836.2,224.8,0.9,0.65,2.0,0.2,0.9,0.7,5,5,0
2018-07-02,Belgium,Japan,Rostov-on-Don,Russia,3.0,2.0,1,5.0,74.0,2590.5,7861.8,5271.3,1.0,6.0,23.4,37.4,0.0,14.0,1921.1,1716.3,204.8,0.9,0.4,2.8,0.6,1.3,1.8,4,4,0
2018-07-03,Sweden,Switzerland,Saint Petersburg,Russia,1.0,0.0,1,1.0,0.0,684.5,2071.5,1387.0,1.0,1.0,15.3,68.8,4.1,18.0,1771.2,1855.4,-84.2,0.5,0.7,0.8,0.6,1.6,0.7,6,6,0
2018-07-03,Colombia,England,Moscow,Russia,1.0,1.0,0,2.0,192.0,10909.4,2509.2,-8400.2,8.0,2.0,15.5,60.1,0.0,22.6,1880.4,1906.4,-26.1,0.55,0.75,1.5,0.9,1.5,0.5,5,5,0
2018-07-06,Uruguay,France,Nizhny Novgorod,Russia,0.0,2.0,-1,2.0,142.0,13751.3,2892.7,-10858.599999999999,6.0,1.0,18.9,73.5,1.7,20.6,1887.6,1942.6,-54.9,0.85,0.75,1.8,0.5,2.0,1.2,6,6,0
2018-07-06,Brazil,Belgium,Kazan,Russia,1.0,2.0,-1,3.0,82.0,11882.2,2978.3,-8903.900000000001,6.0,1.0,20.4,46.2,0.0,14.1,2065.7,1926.3,139.4,0.9,0.9,1.9,0.2,2.7,0.8,4,4,0
2018-07-07,Sweden,England,Samara,Russia,0.0,2.0,-1,2.0,75.0,2075.3,3356.8,1281.5,2.0,3.0,22.2,49.0,0.2,7.9,1787.0,1908.1,-121.1,0.55,0.7,0.9,0.6,1.5,0.6,4,4,0
2018-07-07,Russia,Croatia,Sochi,Russia,2.0,2.0,0,4.0,5.0,1361.9,1890.8,528.8999999999999,0.0,1.0,23.0,81.4,1.0,11.7,1706.6,1867.8,-161.3,0.35,0.7,1.4,1.7,1.5,0.8,6,6,0
2018-07-10,France,Belgium,Saint Petersburg,Russia,1.0,0.0,1,1.0,0.0,2162.3,1905.2,-257.10000000000014,1.0,1.0,16.6,71.0,1.9,16.4,1958.0,1949.2,8.7,0.8,0.95,2.0,1.0,2.6,0.6,4,4,0
2018-07-11,Croatia,England,Moscow,Russia,2.0,1.0,1,3.0,192.0,1864.2,2509.2,644.9999999999998,1.0,2.0,19.2,78.9,8.7,18.9,1863.8,1920.7,-56.9,0.65,0.75,1.3,0.9,1.7,0.6,4,4,0
2018-07-14,Belgium,England,Saint Petersburg,Russia,2.0,0.0,1,2.0,0.0,1905.2,2097.5,192.29999999999995,1.0,2.0,21.8,57.9,0.4,13.0,1937.4,1906.1,31.3,0.85,0.7,2.5,0.7,1.8,0.8,4,3,1
2018-07-15,France,Croatia,Moscow,Russia,4.0,2.0,1,6.0,192.0,2492.2,1864.2,-627.9999999999998,1.0,1.0,22.5,56.6,0.3,11.6,1969.9,1878.4,91.4,0.9,0.7,1.9,0.7,1.5,1.0,5,4,1
2022-11-20,Qatar,Ecuador,Al Khor,Qatar,0.0,2.0,-1,2.0,23.0,56.1,13945.6,13889.5,0.0,8.0,25.0,62.0,0.0,33.3,1707.1,1805.2,-98.1,0.65,0.55,1.1,0.8,0.6,0.6,11,8,3
2022-11-21,United States,Wales,Al Rayyan,Qatar,1.0,1.0,0,2.0,45.0,11113.2,5416.5,-5696.700000000001,7.0,2.0,21.9,51.8,0.0,28.7,1811.5,1746.4,65.2,0.6,0.35,1.7,0.6,1.1,1.4,30,30,0
2022-11-21,England,Iran,Al Rayyan,Qatar,6.0,2.0,1,8.0,45.0,5211.2,1176.1,-4035.1,2.0,0.5,21.9,51.8,0.0,28.7,1905.4,1824.3,81.1,0.55,0.65,2.4,1.1,1.1,0.7,30,5,25
2022-11-21,Senegal,Netherlands,Doha,Qatar,0.0,2.0,-1,2.0,17.0,7238.6,4911.0,-2327.6000000000004,3.0,1.0,23.8,57.5,0.0,28.0,1743.2,1943.0,-199.8,0.6,0.85,1.3,0.9,2.3,1.1,30,30,0
2022-11-22,Argentina,Saudi Arabia,Lusail,Qatar,1.0,2.0,-1,3.0,7.0,13318.6,495.0,-12823.6,6.0,0.0,22.7,52.0,0.0,20.0,2032.0,1665.6,366.4,0.9,0.45,2.6,0.2,0.4,0.5,6,6,0
2022-11-22,Mexico,Poland,Doha,Qatar,0.0,0.0,0,0.0,17.0,14130.5,3937.4,-10193.1,9.0,1.0,23.0,52.5,0.0,20.3,1773.6,1784.4,-10.8,0.5,0.5,1.4,1.1,1.1,1.5,6,6,0
2022-11-22,Denmark,Tunisia,Al Rayyan,Qatar,0.0,0.0,0,0.0,45.0,4613.4,4090.4,-522.9999999999995,1.0,2.0,20.4,51.2,0.0,15.9,1888.8,1749.6,139.2,0.6,0.7,1.7,1.2,1.4,0.6,30,6,24
2022-11-22,France,Australia,Al Wakrah,Qatar,4.0,1.0,1,5.0,14.0,4991.8,12236.6,7244.8,1.0,7.0,21.0,49.2,0.0,14.9,1946.8,1764.0,182.8,0.6,0.65,2.2,0.8,1.4,0.8,30,30,0
2022-11-23,Germany,Japan,Al Rayyan,Qatar,1.0,2.0,-1,3.0,45.0,4389.1,8303.6,3914.5,1.0,6.0,20.2,34.8,0.0,10.9,1902.1,1795.3,106.7,0.65,0.6,1.9,1.1,2.0,0.8,7,6,1
2022-11-23,Spain,Costa Rica,Doha,Qatar,7.0,0.0,1,7.0,17.0,5339.7,13829.3,8489.599999999999,1.0,9.0,22.0,46.1,0.0,15.1,1974.3,1750.4,223.9,0.8,0.85,1.9,0.7,1.5,0.6,6,14,-8
2022-11-23,Morocco,Croatia,Al Khor,Qatar,0.0,0.0,0,0.0,23.0,5620.6,3844.7,-1775.9000000000005,2.0,1.0,21.1,40.1,0.0,9.5,1773.8,1866.9,-93.2,0.7,0.8,1.7,0.9,1.3,0.8,6,7,-1
2022-11-23,Belgium,Canada,Al Rayyan,Qatar,1.0,0.0,1,1.0,45.0,4889.9,10533.5,5643.6,1.0,7.0,20.2,34.8,0.0,10.9,1926.5,1758.6,167.8,0.55,0.55,1.8,1.3,1.7,0.9,5,6,-1
2022-11-24,Uruguay,South Korea,Al Rayyan,Qatar,0.0,0.0,0,0.0,45.0,13077.4,7158.2,-5919.2,6.0,6.0,22.7,26.2,0.0,10.5,1894.3,1814.7,79.6,0.75,0.7,1.8,0.5,1.9,1.3,30,13,17
2022-11-24,Portugal,Ghana,Doha,Qatar,3.0,2.0,1,5.0,17.0,5812.5,5915.7,103.19999999999982,2.0,3.0,22.5,30.4,0.0,14.0,1919.3,1657.0,262.4,0.65,0.5,2.1,0.6,1.1,1.2,7,7,0
2022-11-24,Switzerland,Cameroon,Al Wakrah,Qatar,1.0,0.0,1,1.0,14.0,4568.7,4867.8,299.10000000000036,1.0,2.0,21.8,22.4,0.0,9.7,1835.3,1670.3,164.9,0.45,0.5,1.2,1.4,1.0,1.0,7,6,1
2022-11-24,Brazil,Serbia,Lusail,Qatar,2.0,0.0,1,2.0,7.0,11682.9,3518.8,-8164.099999999999,6.0,1.0,21.8,34.9,0.0,11.6,2070.8,1831.7,239.1,0.9,0.75,2.8,0.3,2.1,1.0,30,6,24
2022-11-25,Qatar,Senegal,Doha,Qatar,1.0,3.0,-1,4.0,17.0,3.6,7238.6,7235.0,0.0,3.0,23.7,48.2,0.0,16.3,1693.5,1733.7,-40.2,0.65,0.55,1.0,0.8,1.3,1.1,5,4,1
2022-11-25,Netherlands,Ecuador,Al Rayyan,Qatar,1.0,1.0,0,2.0,45.0,4908.1,13954.7,9046.6,1.0,8.0,24.0,38.8,0.0,14.5,1952.5,1818.8,133.7,0.9,0.6,2.3,0.9,0.7,0.5,4,5,-1
2022-11-25,Wales,Iran,Al Rayyan,Qatar,0.0,2.0,-1,2.0,45.0,5416.5,1176.1,-4240.4,2.0,0.5,24.0,38.8,0.0,14.5,1751.7,1815.2,-63.5,0.35,0.55,1.1,1.4,1.0,1.3,4,4,0
2022-11-25,England,United States,Al Khor,Qatar,0.0,0.0,0,0.0,23.0,5167.1,11065.0,5897.9,2.0,7.0,23.3,46.9,0.0,16.9,1914.4,1806.1,108.3,0.55,0.55,2.5,1.3,1.5,0.7,4,4,0
2022-11-26,Poland,Saudi Arabia,Al Rayyan,Qatar,2.0,0.0,1,2.0,45.0,3940.0,454.8,-3485.2,1.0,0.0,24.4,31.9,0.0,12.5,1786.7,1693.3,93.5,0.55,0.55,1.0,1.3,0.6,0.5,4,4,0
2022-11-26,Argentina,Mexico,Lusail,Qatar,2.0,0.0,1,2.0,7.0,13318.6,14121.1,802.5,6.0,9.0,24.6,60.6,0.0,13.7,2004.3,1771.3,233.0,0.85,0.45,2.7,0.4,1.2,1.0,4,4,0
2022-11-26,Tunisia,Australia,Al Wakrah,Qatar,0.0,1.0,-1,1.0,14.0,4116.9,12236.6,8119.700000000001,2.0,7.0,25.1,46.9,0.0,11.6,1757.5,1758.2,-0.6,0.75,0.6,1.4,0.5,1.4,1.1,4,4,0
2022-11-26,France,Denmark,Doha,Qatar,2.0,1.0,1,3.0,17.0,4974.8,4610.8,-364.0,1.0,1.0,24.9,54.8,0.0,14.1,1952.6,1880.9,71.7,0.6,0.55,1.8,0.9,1.4,1.1,4,4,0
2022-11-27,Croatia,Canada,Al Rayyan,Qatar,4.0,1.0,1,5.0,45.0,3885.5,10533.5,6648.0,1.0,7.0,24.0,37.1,0.0,21.4,1865.7,1752.4,113.3,0.75,0.45,1.2,0.8,1.5,1.0,4,4,0
2022-11-27,Belgium,Morocco,Doha,Qatar,0.0,2.0,-1,2.0,17.0,4894.5,5657.4,762.8999999999996,1.0,2.0,25.4,32.4,0.0,21.0,1932.7,1775.0,157.7,0.6,0.65,1.8,1.2,1.5,0.8,4,4,0
2022-11-27,Spain,Germany,Al Khor,Qatar,1.0,1.0,0,2.0,23.0,5297.9,4338.9,-959.0,1.0,1.0,24.5,47.5,0.0,22.1,1979.1,1880.2,98.9,0.8,0.55,2.5,0.7,1.6,1.2,4,4,0
2022-11-27,Japan,Costa Rica,Al Rayyan,Qatar,0.0,1.0,-1,1.0,45.0,8303.6,13813.9,5510.299999999999,6.0,9.0,24.0,37.1,0.0,21.4,1817.2,1745.6,71.6,0.6,0.75,1.8,0.8,1.4,1.3,4,4,0
2022-11-28,Cameroon,Serbia,Al Wakrah,Qatar,3.0,3.0,0,6.0,14.0,4867.8,3544.5,-1323.3000000000002,2.0,1.0,25.5,54.9,0.0,28.9,1664.0,1827.2,-163.2,0.4,0.65,0.8,1.1,1.9,1.1,4,4,0
2022-11-28,Brazil,Switzerland,Doha,Qatar,1.0,0.0,1,1.0,17.0,11679.5,4552.4,-7127.1,6.0,1.0,26.6,53.6,0.0,29.1,2075.2,1841.6,233.6,0.9,0.45,2.9,0.3,0.9,1.4,4,4,0
2022-11-28,South Korea,Ghana,Al Rayyan,Qatar,2.0,3.0,-1,5.0,45.0,7158.2,5875.7,-1282.5,6.0,3.0,24.7,61.4,0.0,28.6,1820.6,1653.0,167.6,0.75,0.5,1.8,0.8,1.1,1.2,4,4,0
2022-11-28,Portugal,Uruguay,Lusail,Qatar,2.0,0.0,1,2.0,7.0,5807.2,13127.1,7319.900000000001,2.0,6.0,26.3,55.8,0.0,29.2,1923.3,1888.4,34.9,0.75,0.8,2.3,0.6,1.8,0.2,4,4,0
2022-11-29,Ecuador,Senegal,Al Rayyan,Qatar,1.0,2.0,-1,3.0,45.0,13954.7,7205.8,-6748.900000000001,8.0,3.0,24.3,40.8,0.0,15.9,1826.6,1749.8,76.8,0.6,0.65,0.7,0.5,1.6,1.1,4,4,0
2022-11-29,Qatar,Netherlands,Al Khor,Qatar,0.0,2.0,-1,2.0,23.0,56.1,4861.4,4805.299999999999,0.0,1.0,25.6,52.8,0.0,15.8,1677.4,1944.7,-267.3,0.6,0.85,1.1,1.1,2.2,1.0,4,4,0
2022-11-29,Wales,England,Al Rayyan,Qatar,0.0,3.0,-1,3.0,45.0,5416.5,5211.2,-205.30000000000018,2.0,2.0,24.3,40.8,0.0,15.9,1736.7,1907.5,-170.8,0.25,0.5,0.9,1.5,1.5,1.3,4,4,0
2022-11-29,Iran,United States,Doha,Qatar,0.0,1.0,-1,1.0,17.0,1150.6,11115.1,9964.5,0.5,7.0,24.6,59.5,0.0,16.7,1830.3,1813.1,17.2,0.55,0.55,1.1,1.3,1.5,0.7,4,4,0
2022-11-30,Tunisia,France,Al Rayyan,Qatar,1.0,0.0,1,1.0,45.0,4090.4,4967.7,877.2999999999997,2.0,1.0,23.8,39.9,0.0,10.8,1739.8,1962.0,-222.2,0.65,0.6,1.3,0.6,1.8,1.0,4,4,0
2022-11-30,Australia,Denmark,Al Wakrah,Qatar,1.0,0.0,1,1.0,14.0,12236.6,4634.3,-7602.3,7.0,1.0,23.7,61.8,0.0,12.8,1775.9,1871.5,-95.6,0.6,0.55,1.1,1.1,1.5,1.1,4,4,0
2022-11-30,Saudi Arabia,Mexico,Lusail,Qatar,1.0,2.0,-1,3.0,7.0,495.0,14121.1,13626.1,0.0,9.0,23.8,54.0,0.0,16.9,1684.7,1766.7,-82.0,0.55,0.45,0.6,0.6,1.2,0.9,4,4,0
2022-11-30,Poland,Argentina,Doha,Qatar,0.0,2.0,-1,2.0,17.0,3937.4,13312.0,9374.6,1.0,6.0,24.3,54.2,0.0,17.2,1795.3,2008.9,-213.6,0.6,0.85,1.1,1.2,2.7,0.3,4,4,0
2022-12-01,Japan,Spain,Al Rayyan,Qatar,2.0,1.0,1,3.0,45.0,8303.6,5323.7,-2979.9000000000005,6.0,1.0,23.4,42.4,0.0,12.0,1796.6,1972.5,-175.9,0.6,0.75,1.8,0.8,2.4,0.7,4,4,0
2022-12-01,Costa Rica,Germany,Al Khor,Qatar,2.0,4.0,-1,6.0,23.0,13786.7,4338.9,-9447.800000000001,9.0,1.0,23.4,51.1,0.0,18.1,1766.2,1886.8,-120.6,0.75,0.5,1.4,1.3,1.5,1.3,4,4,0
2022-12-01,Croatia,Belgium,Al Rayyan,Qatar,0.0,0.0,0,0.0,45.0,3885.5,4889.9,1004.3999999999996,1.0,1.0,23.4,42.4,0.0,12.0,1873.6,1909.2,-35.6,0.8,0.55,1.5,0.8,1.6,1.2,4,4,0
2022-12-01,Canada,Morocco,Doha,Qatar,1.0,2.0,-1,3.0,17.0,10532.3,5657.4,-4874.9,7.0,2.0,24.0,45.9,0.0,14.7,1744.5,1798.5,-54.0,0.45,0.75,1.6,1.3,1.6,0.6,4,4,0
2022-12-02,Serbia,Switzerland,Doha,Qatar,2.0,3.0,-1,5.0,17.0,3526.9,4552.4,1025.4999999999995,1.0,1.0,24.9,59.0,0.0,21.1,1823.1,1837.0,-13.9,0.6,0.45,2.1,1.4,0.8,1.3,4,4,0
2022-12-02,Cameroon,Brazil,Lusail,Qatar,1.0,0.0,1,1.0,7.0,4895.7,11682.9,6787.2,2.0,6.0,24.8,56.9,0.0,20.3,1668.2,2079.8,-411.6,0.4,0.95,1.1,1.4,3.0,0.3,4,4,0
2022-12-02,Ghana,Uruguay,Al Wakrah,Qatar,0.0,2.0,-1,2.0,14.0,5898.7,13095.8,7197.099999999999,3.0,6.0,24.3,54.4,0.0,18.5,1676.8,1877.6,-200.8,0.55,0.7,1.4,1.4,1.7,0.4,4,4,0
2022-12-02,South Korea,Portugal,Al Rayyan,Qatar,2.0,1.0,1,3.0,45.0,7158.2,5795.1,-1363.0999999999995,6.0,2.0,23.8,65.2,0.0,20.4,1796.8,1934.1,-137.3,0.65,0.75,1.8,1.1,2.2,0.5,4,4,0
2022-12-03,Netherlands,United States,Al Rayyan,Qatar,3.0,1.0,1,4.0,45.0,4908.1,11113.2,6205.1,1.0,7.0,23.8,59.4,0.0,20.9,1951.8,1831.5,120.3,0.85,0.55,2.0,0.8,1.1,0.6,4,4,0
2022-12-03,Argentina,Australia,Al Rayyan,Qatar,2.0,1.0,1,3.0,45.0,13269.1,12263.0,-1006.1000000000004,6.0,7.0,23.8,59.4,0.0,20.9,2017.8,1792.2,225.6,0.85,0.65,2.8,0.3,1.0,0.9,3,3,0
2022-12-04,England,Senegal,Al Khor,Qatar,3.0,0.0,1,3.0,23.0,5167.1,7216.2,2049.0999999999995,2.0,3.0,24.3,54.6,0.0,17.4,1918.1,1770.6,147.5,0.5,0.65,1.6,1.2,1.7,1.2,5,5,0
2022-12-04,France,Poland,Doha,Qatar,3.0,1.0,1,4.0,17.0,4974.8,3937.4,-1037.4,1.0,1.0,24.1,55.4,0.0,17.3,1940.6,1786.4,154.2,0.5,0.5,1.6,1.0,0.9,1.4,4,4,0
2022-12-05,Japan,Croatia,Al Wakrah,Qatar,1.0,1.0,0,2.0,14.0,8286.9,3909.5,-4377.4,6.0,1.0,22.8,63.1,0.0,15.5,1816.2,1872.4,-56.1,0.6,0.75,1.6,0.8,1.3,0.7,4,4,0
2022-12-05,Brazil,South Korea,Doha,Qatar,4.0,1.0,1,5.0,17.0,11679.5,7114.9,-4564.6,6.0,6.0,23.1,62.5,0.0,17.1,2053.4,1814.9,238.5,0.9,0.7,2.9,0.3,1.8,1.0,3,3,0
2022-12-06,Morocco,Spain,Al Rayyan,Qatar,0.0,0.0,0,0.0,45.0,5635.8,5323.7,-312.10000000000036,2.0,1.0,24.7,49.8,0.0,18.0,1814.0,1952.8,-138.9,0.8,0.65,1.7,0.6,2.0,0.9,5,5,0
2022-12-06,Portugal,Switzerland,Lusail,Qatar,6.0,1.0,1,7.0,7.0,5807.2,4544.7,-1262.5,2.0,1.0,25.4,65.5,0.0,21.2,1916.0,1854.2,61.8,0.65,0.5,2.1,0.7,1.0,1.4,4,4,0
2022-12-09,Croatia,Brazil,Al Rayyan,Qatar,1.0,1.0,0,2.0,45.0,3885.5,11640.2,7754.700000000001,1.0,6.0,21.7,48.5,0.0,25.5,1872.8,2057.8,-185.1,0.8,0.9,1.4,0.5,2.9,0.4,4,4,0
2022-12-09,Netherlands,Argentina,Lusail,Qatar,2.0,2.0,0,4.0,7.0,4902.2,13318.6,8416.400000000001,1.0,6.0,22.3,45.2,0.0,26.5,1959.5,2022.6,-63.1,0.9,0.85,2.2,0.8,2.7,0.4,6,6,0
2022-12-10,Morocco,Portugal,Doha,Qatar,1.0,0.0,1,1.0,17.0,5657.4,5812.5,155.10000000000036,2.0,2.0,20.2,56.9,0.0,31.4,1817.1,1925.8,-108.7,0.75,0.7,1.3,0.5,2.6,0.7,4,4,0
2022-12-10,England,France,Al Khor,Qatar,1.0,2.0,-1,3.0,23.0,5167.1,4927.1,-240.0,2.0,1.0,19.9,58.4,0.5,32.9,1924.9,1947.2,-22.3,0.5,0.5,1.6,1.2,1.4,1.1,6,6,0
2022-12-13,Argentina,Croatia,Lusail,Qatar,3.0,0.0,1,3.0,7.0,13318.6,3884.4,-9434.2,6.0,1.0,19.0,54.4,0.0,15.3,2022.7,1877.7,144.9,0.85,0.8,2.8,0.5,1.4,0.5,4,4,0
2022-12-14,France,Morocco,Al Khor,Qatar,2.0,0.0,1,2.0,23.0,4927.1,5620.6,693.5,1.0,2.0,19.8,57.0,0.0,11.5,1964.1,1834.0,130.1,0.6,0.85,1.5,1.0,1.4,0.2,4,4,0
2022-12-17,Croatia,Morocco,Al Rayyan,Qatar,2.0,1.0,1,3.0,45.0,3885.5,5635.8,1750.3000000000002,1.0,2.0,21.0,62.1,0.0,27.5,1870.8,1826.6,44.2,0.7,0.75,1.3,0.8,1.2,0.3,4,3,1
2022-12-18,Argentina,France,Lusail,Qatar,3.0,3.0,0,6.0,7.0,13318.6,4966.8,-8351.8,6.0,1.0,21.2,60.5,0.0,26.8,2029.6,1971.4,58.2,0.85,0.65,2.8,0.5,1.6,0.9,5,4,1
2026-06-11,Mexico,South Africa,Mexico City,Mexico,2.0,0.0,1,2.0,2265.0,12.5,14605.7,14593.2,0.0,8.0,18.7,75.8,10.3,13.3,1847.0,1628.0,219.0,0.75,0.6,1.6,0.4,1.5,1.0,7,5,2
2026-06-11,South Korea,Czech Republic,Zapopan,Mexico,2.0,1.0,1,3.0,1577.0,11683.4,10080.9,-1602.5,15.0,8.0,22.5,56.9,2.3,11.0,1813.0,1754.8,58.3,0.65,0.7,1.5,1.2,2.2,0.9,8,7,1
2026-06-12,United States,Paraguay,Inglewood,United States,4.0,1.0,1,5.0,40.0,3713.4,9175.1,5461.700000000001,3.0,4.0,23.1,60.0,0.0,13.4,1759.3,1815.8,-56.6,0.55,0.5,1.8,1.7,1.2,1.0,6,7,-1
2026-06-12,Canada,Bosnia and Herzegovina,Toronto,Canada,1.0,1.0,0,2.0,97.0,352.7,7353.3,7000.6,0.0,6.0,23.9,42.8,0.0,20.7,1799.3,1618.9,180.4,0.65,0.6,1.1,0.4,2.0,1.0,7,6,1
2026-06-13,Brazil,Morocco,East Rutherford,United States,1.0,1.0,0,2.0,26.0,6825.5,5856.8,-968.6999999999998,1.0,5.0,26.1,32.0,0.0,15.0,1947.7,1877.6,70.1,0.65,0.85,2.5,1.1,2.2,0.3,7,6,1
2026-06-13,Haiti,Scotland,Foxborough,United States,0.0,1.0,-1,1.0,91.0,2604.1,4987.3,2383.2000000000003,0.0,5.0,26.0,36.4,0.0,17.1,1597.8,1736.3,-138.4,0.55,0.65,1.5,1.0,2.1,1.0,8,7,1
2026-06-13,Qatar,Switzerland,Santa Clara,United States,1.0,1.0,0,2.0,263.0,13047.8,9398.2,-3649.5999999999985,10.0,9.0,24.6,30.8,0.0,9.7,1549.4,1848.0,-298.6,0.3,0.7,0.7,1.5,2.2,0.8,7,7,0
2026-06-13,Australia,Turkey,Vancouver,Canada,2.0,0.0,1,2.0,40.0,12729.1,9846.4,-2882.7000000000007,17.0,10.0,19.6,45.0,0.0,14.1,1789.0,1865.0,-76.0,0.55,0.85,1.3,1.0,2.5,1.3,7,7,0
